ts_epoch,ts_local,mode,service,step_seconds,cpu_requests_cores,mem_requests_gib,cpu_requests_seconds,mem_requests_gib_seconds
1767330204,2026-01-02T12:03:24+07:00,baseline_hpa,api-gateway,60,0.25,0.25,15,15
1767330264,2026-01-02T12:04:24+07:00,baseline_hpa,api-gateway,60,0.25,0.25,15,15
1767330324,2026-01-02T12:05:24+07:00,baseline_hpa,api-gateway,60,0.25,0.25,15,15
1767330384,2026-01-02T12:06:24+07:00,baseline_hpa,api-gateway,60,0.25,0.25,15,15
1767330444,2026-01-02T12:07:24+07:00,baseline_hpa,api-gateway,60,0.25,0.25,15,15
1767330504,2026-01-02T12:08:24+07:00,baseline_hpa,api-gateway,60,0.25,0.25,15,15
1767330564,2026-01-02T12:09:24+07:00,baseline_hpa,api-gateway,60,0.25,0.25,15,15
1767330624,2026-01-02T12:10:24+07:00,baseline_hpa,api-gateway,60,0.25,0.25,15,15
1767330684,2026-01-02T12:11:24+07:00,baseline_hpa,api-gateway,60,0.25,0.25,15,15
1767330744,2026-01-02T12:12:24+07:00,baseline_hpa,api-gateway,60,0.25,0.25,15,15
1767330804,2026-01-02T12:13:24+07:00,baseline_hpa,api-gateway,60,0.25,0.25,15,15
1767330864,2026-01-02T12:14:24+07:00,baseline_hpa,api-gateway,60,0.25,0.25,15,15
1767330924,2026-01-02T12:15:24+07:00,baseline_hpa,api-gateway,60,0.25,0.25,15,15
1767330984,2026-01-02T12:16:24+07:00,baseline_hpa,api-gateway,60,0.25,0.25,15,15
1767331044,2026-01-02T12:17:24+07:00,baseline_hpa,api-gateway,60,0.25,0.25,15,15
1767331104,2026-01-02T12:18:24+07:00,baseline_hpa,api-gateway,60,0.25,0.25,15,15
1767331164,2026-01-02T12:19:24+07:00,baseline_hpa,api-gateway,60,0.5,0.5,30,30
1767331224,2026-01-02T12:20:24+07:00,baseline_hpa,api-gateway,60,0.5,0.5,30,30
1767331284,2026-01-02T12:21:24+07:00,baseline_hpa,api-gateway,60,0.5,0.5,30,30
1767331344,2026-01-02T12:22:24+07:00,baseline_hpa,api-gateway,60,0.25,0.25,15,15
1767331404,2026-01-02T12:23:24+07:00,baseline_hpa,api-gateway,60,0.25,0.25,15,15
1767331464,2026-01-02T12:24:24+07:00,baseline_hpa,api-gateway,60,0.25,0.25,15,15
1767331524,2026-01-02T12:25:24+07:00,baseline_hpa,api-gateway,60,0.25,0.25,15,15
1767331584,2026-01-02T12:26:24+07:00,baseline_hpa,api-gateway,60,0.5,0.5,30,30
1767331644,2026-01-02T12:27:24+07:00,baseline_hpa,api-gateway,60,0.5,0.5,30,30
1767331704,2026-01-02T12:28:24+07:00,baseline_hpa,api-gateway,60,0.5,0.5,30,30
1767331764,2026-01-02T12:29:24+07:00,baseline_hpa,api-gateway,60,0.5,0.5,30,30
1767331824,2026-01-02T12:30:24+07:00,baseline_hpa,api-gateway,60,0.5,0.5,30,30
1767331884,2026-01-02T12:31:24+07:00,baseline_hpa,api-gateway,60,0.5,0.5,30,30
1767331944,2026-01-02T12:32:24+07:00,baseline_hpa,api-gateway,60,0.5,0.5,30,30
1767332004,2026-01-02T12:33:24+07:00,baseline_hpa,api-gateway,60,0.5,0.5,30,30
1767332064,2026-01-02T12:34:24+07:00,baseline_hpa,api-gateway,60,0.5,0.5,30,30
1767332124,2026-01-02T12:35:24+07:00,baseline_hpa,api-gateway,60,0.5,0.5,30,30
1767332184,2026-01-02T12:36:24+07:00,baseline_hpa,api-gateway,60,0.5,0.5,30,30
1767332244,2026-01-02T12:37:24+07:00,baseline_hpa,api-gateway,60,0.5,0.5,30,30
1767332304,2026-01-02T12:38:24+07:00,baseline_hpa,api-gateway,60,0.5,0.5,30,30
1767332364,2026-01-02T12:39:24+07:00,baseline_hpa,api-gateway,60,0.5,0.5,30,30
1767332424,2026-01-02T12:40:24+07:00,baseline_hpa,api-gateway,60,0.5,0.5,30,30
1767332484,2026-01-02T12:41:24+07:00,baseline_hpa,api-gateway,60,0.5,0.5,30,30
1767332544,2026-01-02T12:42:24+07:00,baseline_hpa,api-gateway,60,0.5,0.5,30,30
1767332604,2026-01-02T12:43:24+07:00,baseline_hpa,api-gateway,60,0.5,0.5,30,30
1767332664,2026-01-02T12:44:24+07:00,baseline_hpa,api-gateway,60,0.5,0.5,30,30
1767332724,2026-01-02T12:45:24+07:00,baseline_hpa,api-gateway,60,0.5,0.5,30,30
1767332784,2026-01-02T12:46:24+07:00,baseline_hpa,api-gateway,60,0.5,0.5,30,30
1767332844,2026-01-02T12:47:24+07:00,baseline_hpa,api-gateway,60,0.5,0.5,30,30
1767332904,2026-01-02T12:48:24+07:00,baseline_hpa,api-gateway,60,0.5,0.5,30,30
1767332964,2026-01-02T12:49:24+07:00,baseline_hpa,api-gateway,60,0.5,0.5,30,30
1767333024,2026-01-02T12:50:24+07:00,baseline_hpa,api-gateway,60,0.25,0.25,15,15
1767333084,2026-01-02T12:51:24+07:00,baseline_hpa,api-gateway,60,0.25,0.25,15,15
1767333144,2026-01-02T12:52:24+07:00,baseline_hpa,api-gateway,60,0.25,0.25,15,15
1767333204,2026-01-02T12:53:24+07:00,baseline_hpa,api-gateway,60,0.25,0.25,15,15
1767333264,2026-01-02T12:54:24+07:00,baseline_hpa,api-gateway,60,0.25,0.25,15,15
1767333324,2026-01-02T12:55:24+07:00,baseline_hpa,api-gateway,60,0.25,0.25,15,15
1767333384,2026-01-02T12:56:24+07:00,baseline_hpa,api-gateway,60,0.25,0.25,15,15
1767333444,2026-01-02T12:57:24+07:00,baseline_hpa,api-gateway,60,0.25,0.25,15,15
1767333504,2026-01-02T12:58:24+07:00,baseline_hpa,api-gateway,60,0.25,0.25,15,15
1767333564,2026-01-02T12:59:24+07:00,baseline_hpa,api-gateway,60,0.25,0.25,15,15
1767333624,2026-01-02T13:00:24+07:00,baseline_hpa,api-gateway,60,0.25,0.25,15,15
1767333684,2026-01-02T13:01:24+07:00,baseline_hpa,api-gateway,60,0.25,0.25,15,15
1767333744,2026-01-02T13:02:24+07:00,baseline_hpa,api-gateway,60,0.25,0.25,15,15
1767333804,2026-01-02T13:03:24+07:00,baseline_hpa,api-gateway,60,0.25,0.25,15,15
1767330204,2026-01-02T12:03:24+07:00,baseline_hpa,authentication-service,60,0.15,0.25,9,15
1767330264,2026-01-02T12:04:24+07:00,baseline_hpa,authentication-service,60,0.15,0.25,9,15
1767330324,2026-01-02T12:05:24+07:00,baseline_hpa,authentication-service,60,0.15,0.25,9,15
1767330384,2026-01-02T12:06:24+07:00,baseline_hpa,authentication-service,60,0.15,0.25,9,15
1767330444,2026-01-02T12:07:24+07:00,baseline_hpa,authentication-service,60,0.15,0.25,9,15
1767330504,2026-01-02T12:08:24+07:00,baseline_hpa,authentication-service,60,0.15,0.25,9,15
1767330564,2026-01-02T12:09:24+07:00,baseline_hpa,authentication-service,60,0.15,0.25,9,15
1767330624,2026-01-02T12:10:24+07:00,baseline_hpa,authentication-service,60,0.15,0.25,9,15
1767330684,2026-01-02T12:11:24+07:00,baseline_hpa,authentication-service,60,0.15,0.25,9,15
1767330744,2026-01-02T12:12:24+07:00,baseline_hpa,authentication-service,60,0.15,0.25,9,15
1767330804,2026-01-02T12:13:24+07:00,baseline_hpa,authentication-service,60,0.15,0.25,9,15
1767330864,2026-01-02T12:14:24+07:00,baseline_hpa,authentication-service,60,0.15,0.25,9,15
1767330924,2026-01-02T12:15:24+07:00,baseline_hpa,authentication-service,60,0.15,0.25,9,15
1767330984,2026-01-02T12:16:24+07:00,baseline_hpa,authentication-service,60,0.15,0.25,9,15
1767331044,2026-01-02T12:17:24+07:00,baseline_hpa,authentication-service,60,0.15,0.25,9,15
1767331104,2026-01-02T12:18:24+07:00,baseline_hpa,authentication-service,60,0.15,0.25,9,15
1767331164,2026-01-02T12:19:24+07:00,baseline_hpa,authentication-service,60,0.15,0.25,9,15
1767331224,2026-01-02T12:20:24+07:00,baseline_hpa,authentication-service,60,0.15,0.25,9,15
1767331284,2026-01-02T12:21:24+07:00,baseline_hpa,authentication-service,60,0.15,0.25,9,15
1767331344,2026-01-02T12:22:24+07:00,baseline_hpa,authentication-service,60,0.15,0.25,9,15
1767331404,2026-01-02T12:23:24+07:00,baseline_hpa,authentication-service,60,0.15,0.25,9,15
1767331464,2026-01-02T12:24:24+07:00,baseline_hpa,authentication-service,60,0.15,0.25,9,15
1767331524,2026-01-02T12:25:24+07:00,baseline_hpa,authentication-service,60,0.15,0.25,9,15
1767331584,2026-01-02T12:26:24+07:00,baseline_hpa,authentication-service,60,0.15,0.25,9,15
1767331644,2026-01-02T12:27:24+07:00,baseline_hpa,authentication-service,60,0.15,0.25,9,15
1767331704,2026-01-02T12:28:24+07:00,baseline_hpa,authentication-service,60,0.15,0.25,9,15
1767331764,2026-01-02T12:29:24+07:00,baseline_hpa,authentication-service,60,0.15,0.25,9,15
1767331824,2026-01-02T12:30:24+07:00,baseline_hpa,authentication-service,60,0.15,0.25,9,15
1767331884,2026-01-02T12:31:24+07:00,baseline_hpa,authentication-service,60,0.15,0.25,9,15
1767331944,2026-01-02T12:32:24+07:00,baseline_hpa,authentication-service,60,0.15,0.25,9,15
1767332004,2026-01-02T12:33:24+07:00,baseline_hpa,authentication-service,60,0.15,0.25,9,15
1767332064,2026-01-02T12:34:24+07:00,baseline_hpa,authentication-service,60,0.15,0.25,9,15
1767332124,2026-01-02T12:35:24+07:00,baseline_hpa,authentication-service,60,0.15,0.25,9,15
1767332184,2026-01-02T12:36:24+07:00,baseline_hpa,authentication-service,60,0.15,0.25,9,15
1767332244,2026-01-02T12:37:24+07:00,baseline_hpa,authentication-service,60,0.15,0.25,9,15
1767332304,2026-01-02T12:38:24+07:00,baseline_hpa,authentication-service,60,0.15,0.25,9,15
1767332364,2026-01-02T12:39:24+07:00,baseline_hpa,authentication-service,60,0.15,0.25,9,15
1767332424,2026-01-02T12:40:24+07:00,baseline_hpa,authentication-service,60,0.15,0.25,9,15
1767332484,2026-01-02T12:41:24+07:00,baseline_hpa,authentication-service,60,0.15,0.25,9,15
1767332544,2026-01-02T12:42:24+07:00,baseline_hpa,authentication-service,60,0.15,0.25,9,15
1767332604,2026-01-02T12:43:24+07:00,baseline_hpa,authentication-service,60,0.15,0.25,9,15
1767332664,2026-01-02T12:44:24+07:00,baseline_hpa,authentication-service,60,0.15,0.25,9,15
1767332724,2026-01-02T12:45:24+07:00,baseline_hpa,authentication-service,60,0.15,0.25,9,15
1767332784,2026-01-02T12:46:24+07:00,baseline_hpa,authentication-service,60,0.15,0.25,9,15
1767332844,2026-01-02T12:47:24+07:00,baseline_hpa,authentication-service,60,0.15,0.25,9,15
1767332904,2026-01-02T12:48:24+07:00,baseline_hpa,authentication-service,60,0.15,0.25,9,15
1767332964,2026-01-02T12:49:24+07:00,baseline_hpa,authentication-service,60,0.15,0.25,9,15
1767333024,2026-01-02T12:50:24+07:00,baseline_hpa,authentication-service,60,0.15,0.25,9,15
1767333084,2026-01-02T12:51:24+07:00,baseline_hpa,authentication-service,60,0.15,0.25,9,15
1767333144,2026-01-02T12:52:24+07:00,baseline_hpa,authentication-service,60,0.15,0.25,9,15
1767333204,2026-01-02T12:53:24+07:00,baseline_hpa,authentication-service,60,0.15,0.25,9,15
1767333264,2026-01-02T12:54:24+07:00,baseline_hpa,authentication-service,60,0.15,0.25,9,15
1767333324,2026-01-02T12:55:24+07:00,baseline_hpa,authentication-service,60,0.15,0.25,9,15
1767333384,2026-01-02T12:56:24+07:00,baseline_hpa,authentication-service,60,0.15,0.25,9,15
1767333444,2026-01-02T12:57:24+07:00,baseline_hpa,authentication-service,60,0.15,0.25,9,15
1767333504,2026-01-02T12:58:24+07:00,baseline_hpa,authentication-service,60,0.15,0.25,9,15
1767333564,2026-01-02T12:59:24+07:00,baseline_hpa,authentication-service,60,0.15,0.25,9,15
1767333624,2026-01-02T13:00:24+07:00,baseline_hpa,authentication-service,60,0.15,0.25,9,15
1767333684,2026-01-02T13:01:24+07:00,baseline_hpa,authentication-service,60,0.15,0.25,9,15
1767333744,2026-01-02T13:02:24+07:00,baseline_hpa,authentication-service,60,0.15,0.25,9,15
1767333804,2026-01-02T13:03:24+07:00,baseline_hpa,authentication-service,60,0.15,0.25,9,15
1767330204,2026-01-02T12:03:24+07:00,baseline_hpa,order-service,60,0.15,0.25,9,15
1767330264,2026-01-02T12:04:24+07:00,baseline_hpa,order-service,60,0.15,0.25,9,15
1767330324,2026-01-02T12:05:24+07:00,baseline_hpa,order-service,60,0.15,0.25,9,15
1767330384,2026-01-02T12:06:24+07:00,baseline_hpa,order-service,60,0.15,0.25,9,15
1767330444,2026-01-02T12:07:24+07:00,baseline_hpa,order-service,60,0.15,0.25,9,15
1767330504,2026-01-02T12:08:24+07:00,baseline_hpa,order-service,60,0.15,0.25,9,15
1767330564,2026-01-02T12:09:24+07:00,baseline_hpa,order-service,60,0.15,0.25,9,15
1767330624,2026-01-02T12:10:24+07:00,baseline_hpa,order-service,60,0.15,0.25,9,15
1767330684,2026-01-02T12:11:24+07:00,baseline_hpa,order-service,60,0.15,0.25,9,15
1767330744,2026-01-02T12:12:24+07:00,baseline_hpa,order-service,60,0.15,0.25,9,15
1767330804,2026-01-02T12:13:24+07:00,baseline_hpa,order-service,60,0.15,0.25,9,15
1767330864,2026-01-02T12:14:24+07:00,baseline_hpa,order-service,60,0.15,0.25,9,15
1767330924,2026-01-02T12:15:24+07:00,baseline_hpa,order-service,60,0.15,0.25,9,15
1767330984,2026-01-02T12:16:24+07:00,baseline_hpa,order-service,60,0.15,0.25,9,15
1767331044,2026-01-02T12:17:24+07:00,baseline_hpa,order-service,60,0.15,0.25,9,15
1767331104,2026-01-02T12:18:24+07:00,baseline_hpa,order-service,60,0.15,0.25,9,15
1767331164,2026-01-02T12:19:24+07:00,baseline_hpa,order-service,60,0.15,0.25,9,15
1767331224,2026-01-02T12:20:24+07:00,baseline_hpa,order-service,60,0.15,0.25,9,15
1767331284,2026-01-02T12:21:24+07:00,baseline_hpa,order-service,60,0.15,0.25,9,15
1767331344,2026-01-02T12:22:24+07:00,baseline_hpa,order-service,60,0.15,0.25,9,15
1767331404,2026-01-02T12:23:24+07:00,baseline_hpa,order-service,60,0.15,0.25,9,15
1767331464,2026-01-02T12:24:24+07:00,baseline_hpa,order-service,60,0.15,0.25,9,15
1767331524,2026-01-02T12:25:24+07:00,baseline_hpa,order-service,60,0.15,0.25,9,15
1767331584,2026-01-02T12:26:24+07:00,baseline_hpa,order-service,60,0.15,0.25,9,15
1767331644,2026-01-02T12:27:24+07:00,baseline_hpa,order-service,60,0.15,0.25,9,15
1767331704,2026-01-02T12:28:24+07:00,baseline_hpa,order-service,60,0.15,0.25,9,15
1767331764,2026-01-02T12:29:24+07:00,baseline_hpa,order-service,60,0.15,0.25,9,15
1767331824,2026-01-02T12:30:24+07:00,baseline_hpa,order-service,60,0.15,0.25,9,15
1767331884,2026-01-02T12:31:24+07:00,baseline_hpa,order-service,60,0.15,0.25,9,15
1767331944,2026-01-02T12:32:24+07:00,baseline_hpa,order-service,60,0.15,0.25,9,15
1767332004,2026-01-02T12:33:24+07:00,baseline_hpa,order-service,60,0.15,0.25,9,15
1767332064,2026-01-02T12:34:24+07:00,baseline_hpa,order-service,60,0.15,0.25,9,15
1767332124,2026-01-02T12:35:24+07:00,baseline_hpa,order-service,60,0.15,0.25,9,15
1767332184,2026-01-02T12:36:24+07:00,baseline_hpa,order-service,60,0.15,0.25,9,15
1767332244,2026-01-02T12:37:24+07:00,baseline_hpa,order-service,60,0.15,0.25,9,15
1767332304,2026-01-02T12:38:24+07:00,baseline_hpa,order-service,60,0.15,0.25,9,15
1767332364,2026-01-02T12:39:24+07:00,baseline_hpa,order-service,60,0.15,0.25,9,15
1767332424,2026-01-02T12:40:24+07:00,baseline_hpa,order-service,60,0.15,0.25,9,15
1767332484,2026-01-02T12:41:24+07:00,baseline_hpa,order-service,60,0.15,0.25,9,15
1767332544,2026-01-02T12:42:24+07:00,baseline_hpa,order-service,60,0.15,0.25,9,15
1767332604,2026-01-02T12:43:24+07:00,baseline_hpa,order-service,60,0.15,0.25,9,15
1767332664,2026-01-02T12:44:24+07:00,baseline_hpa,order-service,60,0.15,0.25,9,15
1767332724,2026-01-02T12:45:24+07:00,baseline_hpa,order-service,60,0.15,0.25,9,15
1767332784,2026-01-02T12:46:24+07:00,baseline_hpa,order-service,60,0.15,0.25,9,15
1767332844,2026-01-02T12:47:24+07:00,baseline_hpa,order-service,60,0.15,0.25,9,15
1767332904,2026-01-02T12:48:24+07:00,baseline_hpa,order-service,60,0.15,0.25,9,15
1767332964,2026-01-02T12:49:24+07:00,baseline_hpa,order-service,60,0.15,0.25,9,15
1767333024,2026-01-02T12:50:24+07:00,baseline_hpa,order-service,60,0.15,0.25,9,15
1767333084,2026-01-02T12:51:24+07:00,baseline_hpa,order-service,60,0.15,0.25,9,15
1767333144,2026-01-02T12:52:24+07:00,baseline_hpa,order-service,60,0.15,0.25,9,15
1767333204,2026-01-02T12:53:24+07:00,baseline_hpa,order-service,60,0.15,0.25,9,15
1767333264,2026-01-02T12:54:24+07:00,baseline_hpa,order-service,60,0.15,0.25,9,15
1767333324,2026-01-02T12:55:24+07:00,baseline_hpa,order-service,60,0.15,0.25,9,15
1767333384,2026-01-02T12:56:24+07:00,baseline_hpa,order-service,60,0.15,0.25,9,15
1767333444,2026-01-02T12:57:24+07:00,baseline_hpa,order-service,60,0.15,0.25,9,15
1767333504,2026-01-02T12:58:24+07:00,baseline_hpa,order-service,60,0.15,0.25,9,15
1767333564,2026-01-02T12:59:24+07:00,baseline_hpa,order-service,60,0.15,0.25,9,15
1767333624,2026-01-02T13:00:24+07:00,baseline_hpa,order-service,60,0.15,0.25,9,15
1767333684,2026-01-02T13:01:24+07:00,baseline_hpa,order-service,60,0.15,0.25,9,15
1767333744,2026-01-02T13:02:24+07:00,baseline_hpa,order-service,60,0.15,0.25,9,15
1767333804,2026-01-02T13:03:24+07:00,baseline_hpa,order-service,60,0.15,0.25,9,15
1767330204,2026-01-02T12:03:24+07:00,baseline_hpa,payment-service,60,0.15,0.25,9,15
1767330264,2026-01-02T12:04:24+07:00,baseline_hpa,payment-service,60,0.15,0.25,9,15
1767330324,2026-01-02T12:05:24+07:00,baseline_hpa,payment-service,60,0.15,0.25,9,15
1767330384,2026-01-02T12:06:24+07:00,baseline_hpa,payment-service,60,0.15,0.25,9,15
1767330444,2026-01-02T12:07:24+07:00,baseline_hpa,payment-service,60,0.15,0.25,9,15
1767330504,2026-01-02T12:08:24+07:00,baseline_hpa,payment-service,60,0.15,0.25,9,15
1767330564,2026-01-02T12:09:24+07:00,baseline_hpa,payment-service,60,0.15,0.25,9,15
1767330624,2026-01-02T12:10:24+07:00,baseline_hpa,payment-service,60,0.15,0.25,9,15
1767330684,2026-01-02T12:11:24+07:00,baseline_hpa,payment-service,60,0.15,0.25,9,15
1767330744,2026-01-02T12:12:24+07:00,baseline_hpa,payment-service,60,0.15,0.25,9,15
1767330804,2026-01-02T12:13:24+07:00,baseline_hpa,payment-service,60,0.15,0.25,9,15
1767330864,2026-01-02T12:14:24+07:00,baseline_hpa,payment-service,60,0.15,0.25,9,15
1767330924,2026-01-02T12:15:24+07:00,baseline_hpa,payment-service,60,0.15,0.25,9,15
1767330984,2026-01-02T12:16:24+07:00,baseline_hpa,payment-service,60,0.15,0.25,9,15
1767331044,2026-01-02T12:17:24+07:00,baseline_hpa,payment-service,60,0.15,0.25,9,15
1767331104,2026-01-02T12:18:24+07:00,baseline_hpa,payment-service,60,0.15,0.25,9,15
1767331164,2026-01-02T12:19:24+07:00,baseline_hpa,payment-service,60,0.15,0.25,9,15
1767331224,2026-01-02T12:20:24+07:00,baseline_hpa,payment-service,60,0.15,0.25,9,15
1767331284,2026-01-02T12:21:24+07:00,baseline_hpa,payment-service,60,0.15,0.25,9,15
1767331344,2026-01-02T12:22:24+07:00,baseline_hpa,payment-service,60,0.15,0.25,9,15
1767331404,2026-01-02T12:23:24+07:00,baseline_hpa,payment-service,60,0.15,0.25,9,15
1767331464,2026-01-02T12:24:24+07:00,baseline_hpa,payment-service,60,0.15,0.25,9,15
1767331524,2026-01-02T12:25:24+07:00,baseline_hpa,payment-service,60,0.15,0.25,9,15
1767331584,2026-01-02T12:26:24+07:00,baseline_hpa,payment-service,60,0.15,0.25,9,15
1767331644,2026-01-02T12:27:24+07:00,baseline_hpa,payment-service,60,0.15,0.25,9,15
1767331704,2026-01-02T12:28:24+07:00,baseline_hpa,payment-service,60,0.15,0.25,9,15
1767331764,2026-01-02T12:29:24+07:00,baseline_hpa,payment-service,60,0.15,0.25,9,15
1767331824,2026-01-02T12:30:24+07:00,baseline_hpa,payment-service,60,0.15,0.25,9,15
1767331884,2026-01-02T12:31:24+07:00,baseline_hpa,payment-service,60,0.15,0.25,9,15
1767331944,2026-01-02T12:32:24+07:00,baseline_hpa,payment-service,60,0.15,0.25,9,15
1767332004,2026-01-02T12:33:24+07:00,baseline_hpa,payment-service,60,0.15,0.25,9,15
1767332064,2026-01-02T12:34:24+07:00,baseline_hpa,payment-service,60,0.15,0.25,9,15
1767332124,2026-01-02T12:35:24+07:00,baseline_hpa,payment-service,60,0.15,0.25,9,15
1767332184,2026-01-02T12:36:24+07:00,baseline_hpa,payment-service,60,0.15,0.25,9,15
1767332244,2026-01-02T12:37:24+07:00,baseline_hpa,payment-service,60,0.15,0.25,9,15
1767332304,2026-01-02T12:38:24+07:00,baseline_hpa,payment-service,60,0.15,0.25,9,15
1767332364,2026-01-02T12:39:24+07:00,baseline_hpa,payment-service,60,0.15,0.25,9,15
1767332424,2026-01-02T12:40:24+07:00,baseline_hpa,payment-service,60,0.15,0.25,9,15
1767332484,2026-01-02T12:41:24+07:00,baseline_hpa,payment-service,60,0.15,0.25,9,15
1767332544,2026-01-02T12:42:24+07:00,baseline_hpa,payment-service,60,0.15,0.25,9,15
1767332604,2026-01-02T12:43:24+07:00,baseline_hpa,payment-service,60,0.15,0.25,9,15
1767332664,2026-01-02T12:44:24+07:00,baseline_hpa,payment-service,60,0.15,0.25,9,15
1767332724,2026-01-02T12:45:24+07:00,baseline_hpa,payment-service,60,0.15,0.25,9,15
1767332784,2026-01-02T12:46:24+07:00,baseline_hpa,payment-service,60,0.15,0.25,9,15
1767332844,2026-01-02T12:47:24+07:00,baseline_hpa,payment-service,60,0.15,0.25,9,15
1767332904,2026-01-02T12:48:24+07:00,baseline_hpa,payment-service,60,0.15,0.25,9,15
1767332964,2026-01-02T12:49:24+07:00,baseline_hpa,payment-service,60,0.15,0.25,9,15
1767333024,2026-01-02T12:50:24+07:00,baseline_hpa,payment-service,60,0.15,0.25,9,15
1767333084,2026-01-02T12:51:24+07:00,baseline_hpa,payment-service,60,0.15,0.25,9,15
1767333144,2026-01-02T12:52:24+07:00,baseline_hpa,payment-service,60,0.15,0.25,9,15
1767333204,2026-01-02T12:53:24+07:00,baseline_hpa,payment-service,60,0.15,0.25,9,15
1767333264,2026-01-02T12:54:24+07:00,baseline_hpa,payment-service,60,0.15,0.25,9,15
1767333324,2026-01-02T12:55:24+07:00,baseline_hpa,payment-service,60,0.15,0.25,9,15
1767333384,2026-01-02T12:56:24+07:00,baseline_hpa,payment-service,60,0.15,0.25,9,15
1767333444,2026-01-02T12:57:24+07:00,baseline_hpa,payment-service,60,0.15,0.25,9,15
1767333504,2026-01-02T12:58:24+07:00,baseline_hpa,payment-service,60,0.15,0.25,9,15
1767333564,2026-01-02T12:59:24+07:00,baseline_hpa,payment-service,60,0.15,0.25,9,15
1767333624,2026-01-02T13:00:24+07:00,baseline_hpa,payment-service,60,0.15,0.25,9,15
1767333684,2026-01-02T13:01:24+07:00,baseline_hpa,payment-service,60,0.15,0.25,9,15
1767333744,2026-01-02T13:02:24+07:00,baseline_hpa,payment-service,60,0.15,0.25,9,15
1767333804,2026-01-02T13:03:24+07:00,baseline_hpa,payment-service,60,0.15,0.25,9,15
1767330204,2026-01-02T12:03:24+07:00,baseline_hpa,product-service,60,0.25,0.25,15,15
1767330264,2026-01-02T12:04:24+07:00,baseline_hpa,product-service,60,0.25,0.25,15,15
1767330324,2026-01-02T12:05:24+07:00,baseline_hpa,product-service,60,0.25,0.25,15,15
1767330384,2026-01-02T12:06:24+07:00,baseline_hpa,product-service,60,0.25,0.25,15,15
1767330444,2026-01-02T12:07:24+07:00,baseline_hpa,product-service,60,0.25,0.25,15,15
1767330504,2026-01-02T12:08:24+07:00,baseline_hpa,product-service,60,0.25,0.25,15,15
1767330564,2026-01-02T12:09:24+07:00,baseline_hpa,product-service,60,0.25,0.25,15,15
1767330624,2026-01-02T12:10:24+07:00,baseline_hpa,product-service,60,0.25,0.25,15,15
1767330684,2026-01-02T12:11:24+07:00,baseline_hpa,product-service,60,0.25,0.25,15,15
1767330744,2026-01-02T12:12:24+07:00,baseline_hpa,product-service,60,0.25,0.25,15,15
1767330804,2026-01-02T12:13:24+07:00,baseline_hpa,product-service,60,0.25,0.25,15,15
1767330864,2026-01-02T12:14:24+07:00,baseline_hpa,product-service,60,0.25,0.25,15,15
1767330924,2026-01-02T12:15:24+07:00,baseline_hpa,product-service,60,0.25,0.25,15,15
1767330984,2026-01-02T12:16:24+07:00,baseline_hpa,product-service,60,0.25,0.25,15,15
1767331044,2026-01-02T12:17:24+07:00,baseline_hpa,product-service,60,0.5,0.5,30,30
1767331104,2026-01-02T12:18:24+07:00,baseline_hpa,product-service,60,0.5,0.5,30,30
1767331164,2026-01-02T12:19:24+07:00,baseline_hpa,product-service,60,0.5,0.5,30,30
1767331224,2026-01-02T12:20:24+07:00,baseline_hpa,product-service,60,0.5,0.5,30,30
1767331284,2026-01-02T12:21:24+07:00,baseline_hpa,product-service,60,0.5,0.5,30,30
1767331344,2026-01-02T12:22:24+07:00,baseline_hpa,product-service,60,0.5,0.5,30,30
1767331404,2026-01-02T12:23:24+07:00,baseline_hpa,product-service,60,0.25,0.25,15,15
1767331464,2026-01-02T12:24:24+07:00,baseline_hpa,product-service,60,0.25,0.25,15,15
1767331524,2026-01-02T12:25:24+07:00,baseline_hpa,product-service,60,0.25,0.25,15,15
1767331584,2026-01-02T12:26:24+07:00,baseline_hpa,product-service,60,0.25,0.25,15,15
1767331644,2026-01-02T12:27:24+07:00,baseline_hpa,product-service,60,0.25,0.25,15,15
1767331704,2026-01-02T12:28:24+07:00,baseline_hpa,product-service,60,0.25,0.25,15,15
1767331764,2026-01-02T12:29:24+07:00,baseline_hpa,product-service,60,0.25,0.25,15,15
1767331824,2026-01-02T12:30:24+07:00,baseline_hpa,product-service,60,0.25,0.25,15,15
1767331884,2026-01-02T12:31:24+07:00,baseline_hpa,product-service,60,0.25,0.25,15,15
1767331944,2026-01-02T12:32:24+07:00,baseline_hpa,product-service,60,0.25,0.25,15,15
1767332004,2026-01-02T12:33:24+07:00,baseline_hpa,product-service,60,0.5,0.5,30,30
1767332064,2026-01-02T12:34:24+07:00,baseline_hpa,product-service,60,0.5,0.5,30,30
1767332124,2026-01-02T12:35:24+07:00,baseline_hpa,product-service,60,0.5,0.5,30,30
1767332184,2026-01-02T12:36:24+07:00,baseline_hpa,product-service,60,0.5,0.5,30,30
1767332244,2026-01-02T12:37:24+07:00,baseline_hpa,product-service,60,0.5,0.5,30,30
1767332304,2026-01-02T12:38:24+07:00,baseline_hpa,product-service,60,0.5,0.5,30,30
1767332364,2026-01-02T12:39:24+07:00,baseline_hpa,product-service,60,0.5,0.5,30,30
1767332424,2026-01-02T12:40:24+07:00,baseline_hpa,product-service,60,0.5,0.5,30,30
1767332484,2026-01-02T12:41:24+07:00,baseline_hpa,product-service,60,0.5,0.5,30,30
1767332544,2026-01-02T12:42:24+07:00,baseline_hpa,product-service,60,0.5,0.5,30,30
1767332604,2026-01-02T12:43:24+07:00,baseline_hpa,product-service,60,0.5,0.5,30,30
1767332664,2026-01-02T12:44:24+07:00,baseline_hpa,product-service,60,0.5,0.5,30,30
1767332724,2026-01-02T12:45:24+07:00,baseline_hpa,product-service,60,0.5,0.5,30,30
1767332784,2026-01-02T12:46:24+07:00,baseline_hpa,product-service,60,0.5,0.5,30,30
1767332844,2026-01-02T12:47:24+07:00,baseline_hpa,product-service,60,0.25,0.25,15,15
1767332904,2026-01-02T12:48:24+07:00,baseline_hpa,product-service,60,0.25,0.25,15,15
1767332964,2026-01-02T12:49:24+07:00,baseline_hpa,product-service,60,0.25,0.25,15,15
1767333024,2026-01-02T12:50:24+07:00,baseline_hpa,product-service,60,0.25,0.25,15,15
1767333084,2026-01-02T12:51:24+07:00,baseline_hpa,product-service,60,0.25,0.25,15,15
1767333144,2026-01-02T12:52:24+07:00,baseline_hpa,product-service,60,0.25,0.25,15,15
1767333204,2026-01-02T12:53:24+07:00,baseline_hpa,product-service,60,0.25,0.25,15,15
1767333264,2026-01-02T12:54:24+07:00,baseline_hpa,product-service,60,0.25,0.25,15,15
1767333324,2026-01-02T12:55:24+07:00,baseline_hpa,product-service,60,0.25,0.25,15,15
1767333384,2026-01-02T12:56:24+07:00,baseline_hpa,product-service,60,0.25,0.25,15,15
1767333444,2026-01-02T12:57:24+07:00,baseline_hpa,product-service,60,0.25,0.25,15,15
1767333504,2026-01-02T12:58:24+07:00,baseline_hpa,product-service,60,0.25,0.25,15,15
1767333564,2026-01-02T12:59:24+07:00,baseline_hpa,product-service,60,0.25,0.25,15,15
1767333624,2026-01-02T13:00:24+07:00,baseline_hpa,product-service,60,0.25,0.25,15,15
1767333684,2026-01-02T13:01:24+07:00,baseline_hpa,product-service,60,0.25,0.25,15,15
1767333744,2026-01-02T13:02:24+07:00,baseline_hpa,product-service,60,0.25,0.25,15,15
1767333804,2026-01-02T13:03:24+07:00,baseline_hpa,product-service,60,0.25,0.25,15,15
