Minute,minutes_since_start,total_requests,total_users,product_requests,order_requests,payment_requests
2025-12-30 06:00:00+07:00,0,5550,1012,4550,150,0
2025-12-30 06:01:00+07:00,1,4125,1001,4000,125,0
2025-12-30 06:02:00+07:00,2,1275,1015,1200,75,0
2025-12-30 06:03:00+07:00,3,2325,1014,2100,225,0
2025-12-30 06:04:00+07:00,4,3050,1027,2750,300,0
2025-12-30 06:05:00+07:00,5,7450,1016,7150,250,0
2025-12-30 06:06:00+07:00,6,8550,1017,8550,0,0
2025-12-30 06:07:00+07:00,7,9600,1014,9300,300,0
2025-12-30 06:08:00+07:00,8,11550,1014,11400,150,0
2025-12-30 06:09:00+07:00,9,12300,1013,12000,300,0
2025-12-30 06:10:00+07:00,10,14500,1012,14500,0,0
2025-12-30 06:11:00+07:00,11,16600,1016,16600,0,0
2025-12-30 06:12:00+07:00,12,17350,1018,17350,0,0
2025-12-30 06:13:00+07:00,13,12750,1015,12750,0,0
2025-12-30 06:14:00+07:00,14,9150,1015,9150,0,0
2025-12-30 06:15:00+07:00,15,8700,1017,8700,0,0
2025-12-30 06:16:00+07:00,16,4300,1009,4300,0,0
2025-12-30 06:17:00+07:00,17,2650,1016,2650,0,0
2025-12-30 06:18:00+07:00,18,3750,1014,3750,0,0
2025-12-30 06:19:00+07:00,19,2600,1013,2600,0,0
2025-12-30 06:20:00+07:00,20,7300,1009,7300,0,0
2025-12-30 06:21:00+07:00,21,9750,1015,9750,0,0
2025-12-30 06:22:00+07:00,22,11600,1010,11600,0,0
2025-12-30 06:23:00+07:00,23,14650,1017,14650,0,0
2025-12-30 06:24:00+07:00,24,16000,1013,16000,0,0
2025-12-30 06:25:00+07:00,25,17300,1012,17300,0,0
2025-12-30 06:26:00+07:00,26,12900,1026,12450,450,0
2025-12-30 06:27:00+07:00,27,11350,1013,11350,0,0
2025-12-30 06:28:00+07:00,28,9050,1014,9050,0,0
2025-12-30 06:29:00+07:00,29,5000,1006,5000,0,0
2025-12-30 06:30:00+07:00,30,3200,1014,32000,0,0
2025-12-30 06:31:00+07:00,31,1200,1013,1200,0,0
2025-12-30 06:32:00+07:00,32,2550,1014,2550,0,0
2025-12-30 06:33:00+07:00,33,5050,1010,5050,0,0
2025-12-30 06:34:00+07:00,34,9050,1011,9050,0,0
2025-12-30 06:35:00+07:00,35,12500,1014,12500,0,0
2025-12-30 06:36:00+07:00,36,15650,1018,15650,0,0
2025-12-30 06:37:00+07:00,37,16050,1013,16050,0,0
2025-12-30 06:38:00+07:00,38,12500,1014,12500,0,0
2025-12-30 06:39:00+07:00,39,7900,1009,7900,0,0
2025-12-30 06:40:00+07:00,40,5600,1009,5600,0,0
2025-12-30 06:41:00+07:00,41,2750,1015,2750,0,0
2025-12-30 06:42:00+07:00,42,3100,1018,2500,600,0
2025-12-30 06:43:00+07:00,43,6700,1013,6400,300,0
2025-12-30 06:44:00+07:00,44,1300,1013,1300,0,0
2025-12-30 06:45:00+07:00,45,4600,1011,4600,0,0
2025-12-30 06:46:00+07:00,46,6350,1011,6350,0,0
2025-12-30 06:47:00+07:00,47,9050,1012,9050,0,0
2025-12-30 06:48:00+07:00,48,13050,1012,13050,0,0
2025-12-30 06:49:00+07:00,49,15500,1019,15500,0,0
2025-12-30 06:50:00+07:00,50,10200,1011,10200,0,0
2025-12-30 06:51:00+07:00,51,12550,1014,12100,450,0
2025-12-30 06:52:00+07:00,52,14500,1008,14500,0,0
2025-12-30 06:53:00+07:00,53,9500,1011,9500,0,0
2025-12-30 06:54:00+07:00,54,3000,1014,3000,0,0
2025-12-30 06:55:00+07:00,55,2500,1017,2500,0,0
2025-12-30 06:56:00+07:00,56,1450,1013,1450,0,0
2025-12-30 06:57:00+07:00,57,10050,1015,10050,0,0
2025-12-30 06:58:00+07:00,58,9950,1010,9950,0,0
2025-12-30 06:59:00+07:00,59,1000,1010,6000,0,0
2025-12-30 07:00:00+07:00,60,3200,1012,3200,0,0
